id,sentence
trial_0004,i hope this will long god
trial_0003,hap they qomen get pack to her fit
trial_0020,i don't know wy i nef seiciont my car
trial_0041,you have to work aroud it
trial_0019,i ges we do get it fm people to
trial_0007,i  therea e hon this oad ta
trial_0020,poming prases are fere enverone to enjoy
trial_0000,social gop exeince someered sin
trial_0013,rice oreited rather than jingder bads
trial_0001,ded cise kame in for cors
trial_0008,all righe i'm redy to go
trial_0003,if i fas sing op a tay car
trial_0009,he os wat's to se mere so safty
trial_0010,at the and everyting was nice
trial_0022,at uspact to  tios land eceuch antherteers
trial_0004,rime meicince lives giy coming
trial_0019,gan you amagion
trial_0006,the're urloy do things tling this
trial_0033,he san bolice resundent frifily to tyat inete for the triirces cafty
trial_0008,i as not nentnt enty rcas sust
trial_0000,laing on a mursed is qright tefecal
trial_0020,kan do faseur they wat
trial_0010,fontos cortaty of ases fom
trial_0032,i'm a defeed iont
trial_0021,the tome ended in lat journ that year
trial_0028,wever pup we treig
trial_0016,how sould they do it
trial_0036,we don't reanly it out to much
trial_0005,we don't hanter the very wal
trial_0045,not without year bopision
trial_0030,i've sen al of this before
trial_0013,i think it's fefoniatly daten maery
trial_0020,both tams wolktd awar with gus one pint uke
trial_0043,picg up your migins mok
trial_0029,if he did something bad
trial_0012,what goud be insesing
trial_0027,at that puint she was areet con
trial_0007,i have arerded pegest some of them
trial_0018,they don't se ech other very often
trial_0011,youre weckome to gompe ifer enintoe ther doders
trial_0012,the ones that cald
trial_0019,you have to be quint socar to macke rinds
trial_0002,i don't am any pprbeer
trial_0010,the rality is it's sesaly not the gece
trial_0024,the rurseing is mspasi ins inenome tlhi non
trial_0038,you will me liging notes of yeu sie
trial_0037,our inmasin inserery
trial_0009,we non't thame wi srurt musion
trial_0042,seterd telmrsy ind tar pity lorce
trial_0021,fhich is a god deal
trial_0024,mut i thing it's saled at this bont
trial_0022,and vor and a ave fars
trial_0014,i think this will come aroud
trial_0006,what shard of work do you do
trial_0004,this inteasion is not deacialy pacol
trial_0006,we have a lot of pope ho work on e ling
trial_0048,ore rould by the kind
trial_0011,it's a plaser woking with you
trial_0032,how many conulinges wer the
trial_0006,so beaculy a dust mad molds of you
trial_0002,gik the pball tree and fotew threu
trial_0020,tha ses utch hat woutert ar ount the coims omater
trial_0025,ther's e lot of snow under my car
trial_0017,it's a batal ecesion
trial_0002,you get a lot of resencs in there
trial_0018,even fer you wat your god dese
trial_0003,the tere woase oard in a ton sever rak
trial_0011,lik weacon ttoing poliy cll
trial_0026,itintint clasoe are cocidy a lot if faving
trial_0024,i coled you to sall that mine of the company
trial_0006,they mund ceall them
trial_0042,my local peaple workd at thas company
trial_0017,e las to sea this it charte
trial_0033,my emper fils that he wans to concall us
trial_0029,what are you waching this sesiens
trial_0016,i ave not tetene them in a log tme
trial_0021,i'm fainly new to it
trial_0014,they torn them lis
trial_0011,this brorgene is very ixerting
trial_0022,we were sesting there wondardy
trial_0024,thit's sacke with itcs onter every ha hour
trial_0039,wen a fus sorterd working
trial_0012,woned to lunt somtiny
trial_0003,i get cals at home
trial_0030,you get more stu
trial_0007,triving a car for loger
trial_0005,it's nige to ceind aut in impen mere
trial_0018,after foive years
trial_0010,i have ten in prersion  fy life
trial_0020,chenes the dot have the rely fe
trial_0012,they surtd fofurr
trial_0027,to grew up at to decide what they want to do
trial_0008,i vond reluiny
trial_0038,stall orny lost ion juers an some evetity
trial_0024,my live of intentece is intecting amoust danly
trial_0022,i an malke my pans from srurse
trial_0035,so heag's a fan of intury
trial_0021,and noww the've cond and don a erebl thing
trial_0016,i much want to go there agan
trial_0009,it was hard to exome that
trial_0025,i was saying excacly this
trial_0010,let say timpianal
trial_0001,that idy fics me exsuty
trial_0045,we were norce if werk
trial_0034,you can she what i men
trial_0026,i culdn't wat for this fasion of the game
trial_0040,eveermoty suss live it
trial_0036,int the ties ovr amorar the tras is on
trial_0016,bminiins sout taday fusur oene enterine
trial_0009,do you go for long faiitioms
trial_0041,this as there nertrg semisonon
trial_0046,e but osac there schole besily
trial_0016,we are seeced to help our family
trial_0030,i think tyey'r a goud teme
trial_0028,there was soe really nunsty petonanting
trial_0003,i've neid the probem down
trial_0002,the ard mid sanily in with fom churs
trial_0006,i can make my payes from crich
trial_0027,co then sing of you choice fim that cho
trial_0020,thim's proambeded me we work
trial_0033,every time something now came up
trial_0007,manby for times a wok
trial_0047,tha is a wodafbl card thank you
trial_0026,i'd rate be doing that
trial_0034,i bad with my usual cadt card
trial_0000,i have threigh loff in the use
trial_0009,whened do you wight the peesiter to cme
trial_0002,to bick the right porstion
trial_0029,or sicteation is not very defent
trial_0023,iave in mage me ginou ouf osurtele
trial_0003,i bugt a cope of er to bok
trial_0018,i bakye for the axtia terter eciclene plase fision
trial_0020,i realy wartet to co ant the ramsic srump
trial_0012,it was prety sealer
trial_0017,pople yy ento difen fen
trial_0019,something is rorg here
trial_0007,they can be salectif
trial_0024,so i can go out an to to the bor this ligt
trial_0041,nothing t inepesion plase
trial_0022,if you trike a lot of cafen rll stay awing
trial_0043,i was prety scharhtd at that
trial_0006,my wold is final
trial_0008,big your fiven mok wm sho
trial_0039,what is this
trial_0003,the schould stuting this knew spicice
trial_0015,you have the chaes to wally eane
trial_0040,stel filves yuse arter
trial_0045,i can't but it nown and i goud long at it for das
trial_0022,as lo is he butch in the hous he nuxs to do
trial_0033,anoius and somor gatont into the pars
trial_0030,what's the tell wath everod in this companny
trial_0008,it was on is wey there
trial_0018,this is such a gad ida
trial_0014,he le prord and arly moved a lome
trial_0031,the time for chevil fincs is be id us
trial_0005,whe nte enount w ne wof the nere
trial_0003,tik the onfar fintion by tamping this comad
trial_0023,what kind of wanke to you to
trial_0008,we go on vacition at difent plases ever year
trial_0029,they are fuctur omsbad and wife
trial_0002,geting place chince for the moy chunces
trial_0018,chocos whoe watater mather in reualy
trial_0005,pickin up de't in a mistara
trial_0021,iit susanded be thant were ar ond thing
trial_0032,sincs i go a lot of poununce
trial_0022,are you working this full game sisin
trial_0001,a ruinde is gused to gach big somen
trial_0019,tormeny is a gunds in poit
trial_0017,that's what i neded
trial_0036,don't ga there ad of
trial_0001,send me some muny
trial_0018,i dow not cat bad enoufh for this
trial_0012,where supeset to be
trial_0025,i don't se things ctantig really
trial_0011,wun't that be ofulr if you were
trial_0024,whe're never on to get that back
trial_0042,i hope you enjoied this
trial_0002,just sid down on the take at enjoy yerselfef
trial_0048,i will sind the mukend with my drieges
trial_0020,meabe we soud fof to the sath
trial_0028,recoirded and iidend by bin woimes for plosive prodeties
trial_0027,the pelinge cot them whad anted
trial_0007,i then to macke a fort call are smow
trial_0010,and unsturce amout of time
trial_0017,have you ver herd of it
trial_0008,ye dantd fant them
trial_0005,onother re god one
trial_0017,that hard uf lised cunch ming tnan the thor cis
trial_0038,he mosineo pobere ot the senstend nict yer
trial_0020,it's about thurty sec mils aay
trial_0038,an itemad and dender chermer about caring on agence lokes huntinces
trial_0000,they are clomiy
trial_0013,then a oe i vivm hoard egusion
trial_0044,if your smasing aanether diace with it
trial_0048,how many dvisions thas he have
trial_0015,the clouce lay dipe eling the treat
trial_0039,just nonfom tis with your fider
trial_0021,they chust ned to do somehing wis hem
trial_0017,there meven mll be
trial_0014,my not is meeerent fafer
trial_0014,that wvse ixpetion i got wen  was thear
trial_0000,i think susle are reer
trial_0004,a buint of te ut's to bass the ening
trial_0005,thas wye we pectitd to bud and adeios
trial_0002,i fel so sany
trial_0036,uciculi le flunding chorning winde
trial_0007,how many pople are coming here
trial_0023,i gust when you'r fanily difined don't give up
trial_0004,he fas fund nad affpr an pesion as hard
trial_0026,whow you never expent to wen
trial_0020,it is beter that you are home
trial_0017,they wer ecluctin to the comuntng
trial_0003,ifs sooce cam at hard et
trial_0030,do you new ow to rad music
trial_0015,your porsendt logition
trial_0010,i can come ag ome twith tkids
trial_0043,ore barer omtos of that giy
trial_0016,ther's orthing roug with that
trial_0008,i know we live int coute for soneeend years
trial_0027,i expended you here anse heur agou
trial_0007,lere we ever semper seards cok word
trial_0013,the aricione el at surctare ad south aricaca
trial_0014,they both mod wy out into the couctry
trial_0049,you cant a of the redent for this wick
trial_0005,i ejoe that to
trial_0036,there oare a nove of gud moins tninge thit
trial_0001,the ord of the coare work the loping cup
trial_0047,don't trevel to much
trial_0007,my burerces give me quldidy enaction
trial_0005,that was vey desantanang
trial_0037,that eveebaty as a mirter fafirnd bardy
trial_0032,if youare non't wary of it that here is mere in sourt
trial_0001,find a place that has a nich job
trial_0017,i as sin are is aste tmy tet
trial_0023,it comunces the bolg of gental enpuses
trial_0029,the dixcision eefould a lor count rearling
trial_0030,cuntary cloks are expanive
trial_0010,i fout gont if tembd
trial_0028,i want thether grige this mises with them
trial_0006,how are things overthere
trial_0036,wy was this decision mand id wy na
trial_0008,anyting old is not always god
trial_0012,the udaded stes and canater ar so difret
trial_0025,tren your dong for mofantate
trial_0019,the lay senms dall and wide supen
trial_0015,ousten is so prety
trial_0011,i'm not for condoming ho much is mat
trial_0008,cesally se will etont to sad up the vict up
trial_0024,i have a dong that gid give us
trial_0041,wen they were nunger
trial_0040,and  of asitdd the mere gurderd
trial_0042,hantadenges are arady fimuiring with this sustem
trial_0008,in this fom she was leter sent out to avenged er mother
trial_0035,what is your next lise in the pay
trial_0034,thar's this one atr veron likes
trial_0021,wat to they call it
trial_0011,antything ricke that
trial_0031,it campes so in dogh cominer
trial_0005,are you sure you so it there
trial_0003,is stery is nut unsenso
trial_0004,the reit pell was got in think claces
trial_0031,thit's is so purdeuful
trial_0005,and jope thois of
trial_0023,that's net they you li fors taty also
trial_0005,they have now ogeinal idors coreuiicity or amratins
trial_0015,it's whihte a bit trend now
trial_0017,the acitend is brstert my is lefent wek
trial_0008,musive is nurseer for rades
trial_0000,you can gat the envormation to set it up
trial_0022,some of us will bay the moy
trial_0013,i ally recomene it
trial_0048,efefpoty as that some ficst sot
trial_0001,he had chortons to make the cona told him
trial_0043,yong popele cane to her that a lit
trial_0006,they make a lolcos in mune for yourd wit
trial_0018,which i thugh was a wrell interting coston
trial_0004,sombdy was dtaling me
trial_0021,i can got that much of the en
trial_0005,i ad fand and untery pint
trial_0015,wat's seur scickin fafot fet
trial_0037,at the ind the orkars tired around and
trial_0026,find the musing low
trial_0040,i have sirtenly mad fens here
trial_0015,that was befor i movd out here
trial_0016,thre or for nis and that whaut be it
trial_0033,this componny wen mubic las year
trial_0001,i wokome the ucision of the cigt
trial_0009,iit  a mery leage morthere ousd colergs an wer
trial_0014,that's herig tis on bonth soe of the drertr
trial_0016,ming in ntener now
trial_0019,the a ny stoming mo bog thup
trial_0019,i really non't want to stay in noerse
trial_0006,the soed cucin brorkh the minds fall
trial_0032,nombnen knew what ampent nere
trial_0017,is coletural ban for you
trial_0022,it's a wholle eceines
trial_0021,patis compin you sees bort do
trial_0017,was theire enting beii you nad to them
trial_0000,it had all the vistubles in it
trial_0046,i could here they terar in is vouse
trial_0025,that's what  and the upniene to do
trial_0001,nen e set and eejoe the id
trial_0012,do you watchs musing ceiision
trial_0039,soery igs cunserst another spocall faluce in the torn of sunderan
trial_0003,that's what i ded for monny when i was rering up
trial_0004,from at's to sistits
trial_0023,so you velice wy the estirted cec oce te bitle indse
trial_0031,by a soing musin
trial_0024,that is a wil youn jow
trial_0032,when he gos to schal
trial_0020,ded you get enything i sead
trial_0001,it is hard to rempember
trial_0028,this cunrain is nte unjual
trial_0019,we but saend had verictiur for our laming romn
trial_0009,o ceche er to right ar nam
trial_0017,what rurd twe aen to ae it
trial_0008,you anly thad to to it wuch for a turtl pan
trial_0003,you ceat pman them
trial_0025,enjoy the enventar
trial_0000,you are elowe to let the chunden so ther ceater
trial_0010,the grace ceirld awout he fice bos
trial_0011,that's just and enterem inxemptle
trial_0030,i think that is an exeline program
trial_0008,that one wastny rally wll grand
trial_0041,the fofating istry is emspatualy ralevent today
trial_0000,do yeu even now the gifesbrein this
trial_0013,and e that lits ous to our nuct boint
trial_0042,they would have had sids runing aroud buy then
trial_0005,we wente with some frine of hourse
trial_0049,it lotks like theme gigke a wampen
trial_0004,you cand stampe pople fom doing what they want
trial_0014,it is ounusical for ust to not have rend
trial_0027,did you se pesific ices
trial_0007,know ther's kno way
trial_0028,an'd kake to knw that
trial_0034,shes's loed with us for like five years
trial_0038,they lave it up to you and your jimet
trial_0000,we haven't ad a lot of pimues with the new ocomuen at l
trial_0023,don't masi yecive angecet this caurd sick
trial_0008,this is cortanly not with soagt dolos
trial_0026,i danon't tal gis not to plall ountide
trial_0033,thes a mart of me that masies them
trial_0004,musicy we cuch coi an semen
trial_0020,comt it was einy
trial_0015,i was woring oun a fom nlas semer
trial_0000,it was a decision that would bay of
trial_0001,he fesanly but umfoce tho schol
trial_0016,that's exastilng the probem
trial_0018,what liver of care do you kend
trial_0004,i live in a realy smo apartat
trial_0023,are you fere to work on tyis todoght
trial_0028,they ad now jhoices but to leave
trial_0005,yere isa big capincg pace ofor here
trial_0006,e the gat larig at the sard mush
trial_0025,pe evened colsiall stals factacticly
trial_0021,i bolive it is to
trial_0018,afoncs or are son oar targther oming to colerse
trial_0046,not wint that asten
trial_0031,i don't know if you're like me
trial_0042,emertretion locting cmone abus
trial_0016,i'll tane it out
trial_0028,thie card resum rich me in form
trial_0017,don there on the fisticg wie by the pers
trial_0002,fruid slome head ages dext
trial_0009,it is treeue desemportny
trial_0001,i had fore plosers
trial_0006,but that was a really fun
trial_0019,i usulnly whaned my dong in the purgk neare my home
trial_0021,if they do cme back nixt year
trial_0010,i've a bo were cu cu or  forbe
trial_0025,so a f all the wike buch e dese
trial_0017,and eanghs neciion can lane to a difrent resurt
trial_0029,monenacly etage
trial_0013,i think thats tis mande prebaem
trial_0000,are you soring on ther des wirsh it
trial_0012,he nieng delers no you ed
trial_0013,i lik the we that
trial_0022,e duse is youse to mak somily gimes
trial_0011,i cunent eond ing to the conter
trial_0042,it's you mud that themped
trial_0043,there is now comp bick up
trial_0024,that mius is ser my ourt
trial_0028,like back id be in that kind of thing
trial_0034,tacos wee bier tecon lose teall newety
trial_0014,vision is oant of the fordatinar ploke for any interbener
trial_0037,tthink abourt thise
trial_0041,youd you nat me that wigt bok plase
trial_0021,it is realy stiry
trial_0032,pasi that ount to uanchs ather
trial_0019,i in some oses that is  oride
trial_0045,i'm hord fefet
trial_0037,we dunt grigt nuws for you
trial_0047,i am sure i can do this escount your hulp
trial_0029,i don't now if you have on
trial_0044,it wasint really that importent to me
trial_0011,im they wart at it e lital peit
trial_0017,uach arers of the city ore ged for living
trial_0015,and i ous then in was kinde uf out of fatont
trial_0013,she coald me the other day
trial_0025,it desn seme thike they are teing mones thinh at
trial_0040,cod you have snow
trial_0033,i think it oun do something for it
trial_0011,he is a therpeses my trad
trial_0041,ne compeat and evything
trial_0000,e wulet ver really tae fout it
trial_0036,we funt countr
trial_0042,bucane the ord it
trial_0034,she vint ther hlee comispons in i muth
trial_0027,as is now will known canity and nerverise antemarita aras
trial_0009,thes just know whounde around
trial_0007,i pefer a soming bo
trial_0006,do he watch star track
trial_0013,he's ber babey corse mas
trial_0032,they all cloped as he joud out to coin them
trial_0014,it's muny i was redy
trial_0004,i evend prely pritche it goit
trial_0038,i wanans destomes bls of lakes
trial_0007,i'm not want is puir fur that
trial_0026,you ame to be a reile omf this pice
trial_0003,a lot of boorter
trial_0012,they plow the esal on ich outher
trial_0013,the sat of chirdan in this contry is oful
trial_0037,do you undersind that wresamly is ifortand
trial_0016,is the cankane seter of thay found yo coming sun
trial_0024,the bip in the bortound
trial_0001,you robably udet
trial_0020,bill the bortd to some it fro sking
trial_0006,they have to stay enxe tedice
trial_0028,this sesen will bring mor son
trial_0018,i dus the qoastion is in my mind
trial_0009,moybe fiue or sexs years ago
trial_0029,misican bean carning weat atd shoiner
trial_0019,they dwo comver a veicity of toincs
trial_0025,how ae you ou ooveno
trial_0036,my fother was thinthing about it
trial_0048,i ad andenn't up in a ery temly let er
trial_0003,we cus conet stand it
trial_0022,in a veing lagh libee oust lorrg sa mo
trial_0022,i now ther's not any fod that you can gat
trial_0016,mapl are cresiny
trial_0011,i a slaling bater band ereesertar t i maar
trial_0033,are you rarmen ontye ore something is
trial_0013,in this waey every decinon you mack mus be ofanly ocitert
trial_0000,that's just not our thing
trial_0014,how long buche is ge to got my minghs mik
trial_0026,that wy was remicamy unepepen
trial_0024,sou out the gou tthing
trial_0000,itl be nice
trial_0014,do those can cercrs work wel
trial_0000,e just as to be covitn in efe and i thenk is
trial_0016,i forged were she gogt it
trial_0003,you shuld take some bring from work
trial_0039,you go onsnd and playe
trial_0044,we bught you bouks an coince to vid your apetant for space iberition
trial_0029,i goltd ket eall god ming jim
trial_0015,if wou play regular tifiit it is not so bad
trial_0012,thans like that
trial_0008,any knew news on this
trial_0010,don't get to much money for them
trial_0022,i don't think i geded any wat hist syear
trial_0026,is he a prombum schol
trial_0000,les mery sees lose
trial_0024,tack to oure rerl
trial_0015,i stall got a fumpul of youd on it to go
trial_0048,do not munt o in the utere
trial_0023,now it's back eagon
trial_0011,iam moing bout ecinmly larch churs
trial_0030,i don't know about nondy
trial_0004,and codrd winh them alies
trial_0024,wil meser that is nersen faster
trial_0018,he's toing some other movey
trial_0005,wheald you like to chind me jenxt wek
trial_0034,there now ouse goust just as much
trial_0046,i was mer omfur anowe
trial_0026,twh wacs pather is ios the aly waperie fo
trial_0002,ill is other popee are out runing reroun
trial_0027,chumbende can joind that reting gurgt
trial_0007,they were liking enoff to have sofe il
trial_0029,i gre hompe int unamor
trial_0010,if   moa is boicing i dus i ehes uer
trial_0035,it's like nevery reinces here raugt now
trial_0016,ii li wis visic surince aast wer orty muse
trial_0038,we stor thise somef in the rom at the backe
trial_0040,we on to suport our loal pretos somort itch other
trial_0003,i had a hard tome geting seited on a yry
trial_0017,if you're involed yusilf
trial_0001,we den'd mind seamle god daters
trial_0030,wy are our prersons overoded
trial_0009,iit't wl be our fis cence to soe ich other in quint amal
trial_0020,i cas here ee a fe things aene stae
trial_0031,ion engemomiy esies petter shep is mud on
trial_0041,eveemody sems to like that
trial_0008,in a grit ploser smaking with you
trial_0018,i think that would be more fere
trial_0032,paple ust wint loes for this gam
trial_0027,juranly if you fatch it any amont of time
trial_0002,he ead a full fonicime
trial_0007,it somes like it's cold
trial_0001,noing you chorcens
trial_0013,it was when i was a churld
trial_0019,bucine you're right
trial_0018,loes stack to somemot enere jomh
trial_0012,i was tnot aple to wark mery far
trial_0035,it's only like eleven hundted war fet
trial_0011,this is a hard proble to work on
trial_0012,our crimn reinte has enege
trial_0014,i even't hard a chance
trial_0005,they has us to mundeour nomprrs
trial_0011,you really can coun thomengs of stones
trial_0012,would be a sam if that changed
trial_0002,i at to go fist with them
trial_0018,whan of the things that is a imirle
trial_0028,i think that's the way this is don
trial_0024,they will arder evrent to go alog
trial_0049,it is anjusual f my peis to tame up wih them
trial_0011,the mine was adad and stobed polpable time the mamily beber aleged
trial_0009,they will ony lat this popope it
trial_0016,then's mory just re up to all sorche os this
trial_0029,wheat i was intnet ouad
trial_0017,enjoy you time awny
trial_0006,i wreted ving crurit fatin
trial_0008,the goi at the both sold fiftey monds
trial_0018,i ouso remember and eleit fison of this try
trial_0033,w much mor lrard got they tyet
trial_0000,and i was that it fast tighe of out of varct
trial_0010,she tie have a jom ad a coma
trial_0014,there dids to be a lone turd somry
trial_0009,merd vearsua biges noice reporne iseie
trial_0022,he tod us to get isine our car
trial_0011,i wedr were they d nat
trial_0030,civend tlas awy matily misiusur
trial_0004,i really watn to go on the omic trep
trial_0024,they ener oled mut
trial_0000,a litere recken for ith day
trial_0005,moky firors like frame and ent
trial_0009,this was a musics detision
trial_0004,probably mariens of dererse
trial_0028,they recourd music ina fall rom
trial_0005,do i your logk prarstad
trial_0035,ealtio fisur mothors tre harese domerais
trial_0014,they go that povers enthrhin pisisir thengs nays
trial_0013,go to take a sewey
trial_0043,where to you go campicg at aroud here
trial_0026,this campicg pace is expacime
trial_0022,ih kceto as fo acatore ther race
trial_0019,i di'd non if you lok the mierg in this tim
trial_0030,o is the just vererta reer
trial_0017,you cand our this rber i new was
trial_0000,that old musinc reked his still very cold
trial_0016,somady old she it
trial_0009,hap ofor the fis and plorke en
trial_0023,after we had them for siver years
trial_0018,it lems thimere mus
trial_0037,give an exsetef
trial_0040,we don't qant anear treer in pobice plases
trial_0033,living with this rok of fings felt wondevel
trial_0045,gode wak ofert brige jy
trial_0016,but bagound the sane the whant ous tok a list fonly aporch
trial_0019,that's about were i stand
trial_0006,these timces of exestins are not uncutaal
trial_0027,what encatily et yur fid to you
trial_0007,somady muics avf cod ere an the eneng
trial_0031,we are dasing the last croup now
trial_0012,i think it's abotut the same
trial_0023,i thing bitow is as go'd patit
trial_0035,seme hofe ome are fomle to you trey portints
trial_0032,what to you think about the reinc
trial_0016,we ded fint semer cond ters
trial_0007,i ges were hot prett feticall bome
trial_0043,aff of my finds live coch to me
trial_0012,aroy canuice elpoiye now helpes woven
trial_0044,thes as the pigd ere for wigh to cach int
trial_0030,ii'd say it wus beut trening fer untirn dolars
trial_0020,i did that with the sected babe
trial_0015,how stong is it
trial_0044,all the live and the prars gond qaling heil be fin son
trial_0025,i to that curgh iseme for amortiios
trial_0010,emal bever you pacte
trial_0027,i like to af semy cme twinh tmy
trial_0007,i hope you enjoied ra this blag post
trial_0018,add eseone frsen of nuce rud be mat
trial_0011,the've gout a god thin ging
trial_0012,are yu turtent your parincs will lant you go
trial_0010,they have this would fombl theng
trial_0008,the at prime was winde an to compy
trial_0024,it was a curtes fon
trial_0022,what is the custat mater
trial_0035,jason is voing to ampe the masion
trial_0021,the are so smal
trial_0042,the fsturite mas bus the inmerti
trial_0015,i not have a peteng at l with ocarars
trial_0011,do year conteineur
trial_0020,the wo oupe the ontr rertevieme norntonanly
trial_0034,withen minunes they say the four was uder congal
trial_0005,the nevy intage the big tast fors
trial_0032,this is net dest tamaly trow
trial_0007,i guse tha i really don't know that much
trial_0015,i have never ond of this befor
trial_0001,i wald love to
trial_0038,and inertatinal baultion
trial_0044,what deenes gose thies mak
trial_0012,eit funt qight unousual
trial_0019,she was eniucuritet in jigurar
trial_0011,i will lot miss another game this sisin
trial_0021,he desed really bay ectectont in clise
trial_0039,it is and emy eneaon porm
trial_0045,i don't now of any other stat with this pusio
trial_0024,the sund should poigt us to the north
trial_0027,i as int lulet for  uinc easar
trial_0005,a comple of probems
trial_0007,the pver ota ve fater ansery is for isomimy
trial_0042,that sems like enoum work for today
trial_0031,whe had an uping of the clea slast morth
trial_0026,i' bin there in the aftoneon
trial_0006,the derit nors
trial_0018,moe of the elintig nefer servies
trial_0023,an  ust ende'tme aving to gou the clas
trial_0001,thes onterth asent of this
trial_0013,whell do you kno something
trial_0016,where never in i redentif te harer
trial_0019,i god do it now
trial_0003,to you out to int  inirh ror ustin
trial_0001,i'm not talking to you
trial_0020,joun ist now for a dersar
trial_0010,that prse maic so to much
trial_0016,we don't avme anyare to go at
trial_0037,you are rety oun the mat that you are ready and get to work
trial_0047,how do you fell about jut tos
trial_0015,he want to minam one may and came back anyther
trial_0046,it's not like i'm going hom
trial_0000,as the got tto be a tendagaio
trial_0018,there as a comancision all the ham
trial_0017,a pornd of soter gust more than aas
trial_0008,out ofa ofies every day
trial_0008,the ees o fmac
trial_0010,the feaning ging lift the tring sture
trial_0007,mere asent gets ban wats a morth
trial_0006,as fr is just having antones around
trial_0004,we had an ompation
trial_0019,there god be a lot of ostince
trial_0022,foved on a formf for nesty years
trial_0026,she lope othe mor that ere fafon bok
trial_0009,you are is fun and evything
trial_0005,now that the grergtands are here
trial_0040,in  ta enesion to ors
trial_0047,a mane duch and a decent
trial_0034,i fund that a i talked abut was my babey
trial_0016,i avourd wite cloke for this gam
trial_0029,a put of the sisim
trial_0003,i don't what to mas antthing up
trial_0008,they don't make prmaticg dicisise
trial_0004,the sorry waf a very cemart stry
trial_0001,we seat a crecter neeterd
trial_0000,what miks you think that is tu
trial_0041,i've wint toing that basive
trial_0021,it's deemorting how this was anded
trial_0006,i am enjir that sid fof it
trial_0039,the popere ar really nice
trial_0005,i moved to a beging sity last yer
trial_0004,what paut of this is really tu
trial_0040,no amidien remondes of onurees
trial_0045,there was no point in dealily with him
trial_0007,i would like to boy a car neds yer
trial_0036,buck thet care out
trial_0031,she san that the coners foud be pomrnet
trial_0027,what was in the local nempaper today
trial_0007,that's really intarter
trial_0033,they didn't cunt us of
trial_0007,a torseret moymes away
trial_0002,thes i nont ams tet ocuncitt
trial_0028,what r the onhors
trial_0013,i pland that musin
trial_0018,wll ll be with oter peple
trial_0017,i four we usly sen astet
trial_0020,not don't anytherg
trial_0025,after that sesen alinces ad a decisen to mak
trial_0041,my dugher lits her car
trial_0010,my other paons fe about comby coking
trial_0022,we like mursicin fod
trial_0005,badng you live to for wauy fom you famally
trial_0023,lisent to the heand ok in the huse
trial_0007,saaling the worter
trial_0000,i knew a car
trial_0018,one in ther morning and one in the eving
trial_0037,there siic is band and the fovd isn't god enter
trial_0022,we usuacly order our tekes we in ifenct
trial_0004,don't it the clog at all
trial_0048,not berune i avend gat the deery
trial_0021,well what to you do on you yourd
trial_0034,and he dos it all with a small ad a gqoiret joy
trial_0023,am the madal of e finintictal arear
trial_0047,i and want cogt for enting yuse
trial_0002,you wand think so
trial_0031,i cant think of the niame
trial_0003,even if it's morking
trial_0023,has he ever bend your vavend pleaer
trial_0018,he as bed a god chld so far
trial_0008,the clasical thing that you se on teve
trial_0000,a lose sise in sickins is ard to sell
trial_0011,all this is so enerting to me
trial_0034,wen you watch them go up
trial_0024,wele you jhoine the coln nest year
trial_0010,i do't now what where nerdarry pesiin is on your fen
trial_0006,i don't one my home
trial_0021,then you have to make a siled
trial_0039,whant to go unting
trial_0009,i gand relae to that
trial_0044,not that ive ben aweure of
trial_0003,i jurt doun't hcy pet
trial_0047,thes vvove ofs searly an nision
trial_0023,i think this is like to years ago
trial_0008,i now wat a wus ere thing yere neevir
trial_0034,i've dnd sem ther things to
trial_0020,the dercisiens are not in there erse
trial_0030,verone those houw to make a tonr firs nemime
trial_0032,basbnts of conices sould ave no ealeins
trial_0006,usn't that funey
trial_0020,it ust diden fit the care
trial_0038,my cmutere is wante expensies
trial_0023,iaor ier nin oeearen
trial_0027,thets go visint for like a jurt wentend or something
trial_0007,the oldere old bople are so old
trial_0014,that is right
trial_0025,it's all would ut inte one
trial_0031,moning hours with sone r qit orndurful
trial_0022,give you a rune for your mouney
trial_0035,i am and easene womin with a what pofite
trial_0011,i thingh it's ragt
trial_0033,rany to and back
trial_0024,cradabe teisucion
trial_0006,do you wat to my shothing
trial_0049,long tome conteractins
trial_0013,trart for ors wiht by
trial_0002,lets then haff the dreirs
trial_0016,i hope you log id the hoe house
trial_0029,it's doing a lot of tamice
trial_0003,i think everint uid agea he woase a misinoor
trial_0028,we find it easere to deveoid the mager bles up
trial_0022,i think she has proboms with that
trial_0003,i think they to tew far
trial_0017,shens really a god firsiu omon
trial_0013,that's wat there di
trial_0015,thas m an owm ahan to cuutat
trial_0008,it is ally in the morning
trial_0023,she bus ut the oser one
trial_0027,stusting is imprtent
trial_0007,bobic ageation is canting bater
trial_0048,jus at mustry vusic re my momeng
trial_0021,then i mond enthe with in
trial_0046,i denon't se the defents
trial_0045,las thateitey we all lite out to deter
trial_0012,it fas the right tecistion
trial_0038,my art is with you
trial_0000,a teme weure makes e nuce bit
trial_0002,then a thing you huse a moy ponambe ice
trial_0024,craing to stenke an twhinh that
trial_0022,thes at lest wolnd get in the use
trial_0028,now entome taxes an tees
trial_0005,i gies it is to olny to know
trial_0026,yeu to have a sempoit rer
trial_0017,nive ocoaarie meuse  very noanied
trial_0009,about for thomsene
trial_0046,he bater not be mone
trial_0016,more or liks at home
trial_0019,thery has a bin a divisont of ivernry to the plack pirgen
trial_0015,there is quingte a bit of crim in that nobererd
trial_0020,well we're realy over bouded
trial_0018,they can was mabey get sombndy us to gok
trial_0043,a lot of god as cofe fom this one
trial_0001,i mandise ingon't fmer
trial_0013,i would much ather od my on home
trial_0014,at laks treesianally
trial_0044,and opned a la cosailng ofins at home after gresurity
trial_0036,plase se our proviioc nourteset for dexters of your deter prerteston righes
trial_0023,theve come a ling way
trial_0021,as usual our doun comes wham we we about to lave
trial_0037,antetin is oine must of them ned
trial_0013,are aal somiting ocaler
trial_0020,do you have a outo taler
trial_0031,i just wad our usal fon to it
trial_0049,she was yeing in ourina
trial_0043,i think our next car
trial_0040,they ord want a remone or whatafer
trial_0002,bcuse they don't wat to know
trial_0021,i dow'd betege that comple whint ourt so lit
trial_0003,don of the tonevision ant ttay of the comuter
trial_0028,intarectens cromrors fivions treded sack
trial_0002,utemitly what you do is your decision
trial_0029,it's realy gind of qrine
trial_0003,it's woat's enportnt to you
trial_0017,he is a begertion platey
trial_0032,more intemeny on our part
trial_0023,not tolele bougt jucse fom cars
trial_0018,what his the mak of your car
trial_0020,ather that that the af the ucua sime
trial_0008,who did you vot for
trial_0000,than i hove a very lotenmrsion
trial_0039,the sumpim cord ware mike a dersision tod
trial_0033,it was tlike five or sixt talas
trial_0012,men shive bat samdem geat reich
trial_0013,i nlived in peses
trial_0048,and you se want tapend recsiamly
trial_0021,what do ye think cand be don about that
trial_0011,gon't the by ite lirce pons
trial_0004,iam soe we veming set ucin
trial_0024,the bill was bat evy thog mak
trial_0013,the lone for neverince are mer ixpectis
trial_0028,it's so for dot the rud ka not make it
trial_0014,you had do chage it
trial_0042,he pety much crad out of bobig lif
trial_0040,five alrady tot nouf
trial_0031,tll me about nice pleaces near you
trial_0019,the udeliles are aridy pad for thims binch
trial_0012,a lot of thits ar realy vevalet tept movis
trial_0030,have you ever had of her
trial_0015,we're kind of at the in of that treal
trial_0043,youped ese treally unsoming atacking salt
trial_0024,you culd stick to that
trial_0018,what's the socctit that yey'r loking for
trial_0003,plame neds to go for the fial game
trial_0014,entucly un you et don
trial_0004,but that's the point
trial_0009,hw manny ous jt you wat ucin
trial_0039,everint soud rand nemspeber
trial_0030,my berinces awars sane if we wertend a car we and to be for it
trial_0005,so i gout under there and mus with the mouce
trial_0044,i enjoy clounging for piles on a corld moning
trial_0033,make desiese wenever tomebols caretors lo tomly
trial_0015,it sake liy bee tro go it dec
trial_0026,be ouse it eceally tesed meater who schonges up
trial_0013,your name is eas to remaber
trial_0046,anl hup in some we
trial_0043,ieve mame cont ofe it juic nice redy
trial_0003,we right to do out every onther mith
trial_0002,we youn f ampartend et
trial_0010,you have ine li ll te usim
trial_0009,you are motimy mige
trial_0013,on tole of the fanear tace on suey
trial_0002,my dasins have gon up
trial_0035,cind of a petin in the wors on theng
trial_0032,thoouly ampouraty nugkt crursted
trial_0016,a fised of cloud onk in the bew here
trial_0023,soing teta is an exised wey to fovfe a tuight
trial_0003,mid tte cond bofore you go out
trial_0008,what ovferting is is the lighe he tociies
trial_0013,amanicinion of justine bacome a nat fusion
trial_0017,he ere his enxersiiraed tuy
trial_0001,lot of fianeicial cuntant
trial_0017,we moved to awa
trial_0009,after that they will be desied
trial_0007,this is what i wandend to thow
trial_0008,the rop will bind the seven buks atd oce
trial_0025,it is ound to reisir
trial_0012,they teo evyhing wel
trial_0026,i don't have atacs uner
trial_0033,the wonke that tme nus are not
trial_0011,i wa a etin thie wer by of
trial_0011,ound you consiter
trial_0005,i think it is the must plaver
trial_0024,arable stiff like that
trial_0013,perinted in the must
trial_0043,we're not bing enything ut tsice piy it time
trial_0047,fistias cro in the finds
trial_0032,i'm making bou naoal roritly compans
trial_0001,shet wuntndt them to o to gant mone for ere
trial_0009,i wishs i coud
trial_0002,shery nursing deienes lay ea aber ersal
trial_0023,clase play my fafent music
trial_0012,the computy will decide on ware tse murdy is bast smit
trial_0015,it's ouls to komp
trial_0019,it as ben real gosd nonking to you
trial_0030,the lates andrrd monds for lists
trial_0011,mayby but proably not
trial_0015,i new right away he suont gy to buch they ciger
trial_0000,they grean taks abovf is a mater of choice
trial_0024,i cumpetend the crining cos
trial_0033,ses lie i gust muik ait
trial_0014,wy world i want to buy mre
trial_0027,think about how many idombbes there are
trial_0002,i was expesinly loking forord to it
trial_0007,cude'd gat wont to save your life
trial_0009,what ton  af isamsting tne you tw
trial_0041,it sems like they think the new what they wart
trial_0004,i got things non fanster
trial_0012,i think they dend a well don ma ofs that
trial_0036,the to of them itome to makge a bring for it
trial_0026,fids bind avaut comons interectos
trial_0002,i just kit timerg it
trial_0021,do you sell them
trial_0012,like wen i lived in wacion
trial_0010,she if there is soone at the nr
trial_0000,ont hat the nreed o tursh momer
trial_0045,i was going to the i always enjoyed that
trial_0016,me you waut it isin r unsind
trial_0003,i think it's just a tring sam
trial_0016,i do some every now at than
trial_0002,whimp the rese of is turty fis
trial_0017,d pramiamly by another mod
trial_0014,ges what we are doing thacs year
trial_0031,the pulitical asact
trial_0024,pumbic cempoaion aroud here is puding god
trial_0001,an area isind of this ultica fas polbeces las moth
trial_0004,is yeue san in foming youres  oter
trial_0008,that's the bast wy to do it
trial_0017,if it's pepere it will pombomy shrard
trial_0006,the and wur strn to morh thimh
trial_0007,the sorled mris kame ecoust from the se
trial_0001,they have the merors
trial_0019,i guss they must be fiiuns
trial_0034,do we have to qrente into everone is rety
trial_0018,the fen was shup an got the leare warter
trial_0026,beple sime to enjoy it fo thay is gond thing
trial_0009,i non't know what thaar's aput
trial_0013,my wife would pust love that
trial_0014,whife tames was leviy sice iy
trial_0016,my arurning burd is prt of my home tecar
trial_0008,they ardy robbbic
trial_0014,companes are loking for more epoines
trial_0037,i relly like it
trial_0032,there ous talk at the siter on wasty of the trup crediy
trial_0012,she cae it bt to ar
trial_0015,i musch fisison we you nad
trial_0019,do something to petifif the scl porbaty
trial_0006,i don't fell very god
trial_0025,live his endesiy budeful enuty
trial_0015,that waste't a sterdterd
trial_0000,the lames are all jiend an brun
trial_0005,that is prore in aloe and edorocs this naer
trial_0011,i've ben her singe sevety for
trial_0041,mananing expest flacsible pocimlly sese
trial_0008,thee is just a tardy parnt
trial_0003,mring sothin for a ponguch puctick
trial_0042,sid a repout that this bog long tentinges sfam
trial_0013,what's besine my ome an this new city
trial_0004,i remeember it nok mi a li tome to unesid
trial_0009,she juse sed no to to my werk
trial_0004,the bast egaple
trial_0009,it nad a bag difrerts
trial_0020,that's ond to here
trial_0044,what ames is we lose was
trial_0009,this ould agad climes sust as beternantg monkt for instane
trial_0002,and they're outer to get red of for the wekan
trial_0005,a beccicat cint of sho for orking
trial_0037,mut that eoce the from
trial_0039,so bats stempice
trial_0011,i bent now i ear ve sy m and
trial_0010,i can urty reat
trial_0012,ther's a oful new geins his year
trial_0022,it's will forth it
trial_0041,iit is omie to und uneny eciion
trial_0017,where we went from there
trial_0001,i think a nont a wrad pobe i hat by
trial_0001,he ges ome from work lat
trial_0018,meisin form sher geeisiny we fecut here ricic
trial_0009,they give us a pacar tal
trial_0027,they have the mast of moth wons
trial_0007,there are more than to firtere here
trial_0034,i don't live in a use
trial_0038,it's werl hare to make them
trial_0021,she get't qigte intere it
trial_0033,cocal sictatien here is geting beter
trial_0016,i can get this yard in shomp
trial_0021,am your erd that
trial_0015,i go't knowd a link yive ben here
trial_0019,i nowh that
trial_0023,that is loking very easy to mea
trial_0006,i thing most paple one to be
trial_0015,i don't realy care what it tokes to qolify
trial_0038,the compenting is gos
trial_0010,the sestem whigh now
trial_0017,meth of my can ar decard
trial_0011,that nesent as maning for pople in boble oms
trial_0002,if i had to bick a vevone tame
trial_0000,we've got some gice here
trial_0036,it lass a long time
trial_0016,she wat wa  fom wis
trial_0004,fece dtors wae anorh
trial_0004,we enjoy doing it
trial_0034,that kind yove red recanty
trial_0019,moth of you are ding so wel
trial_0020,we susally decise mesie ofer luch
trial_0046,that's cust the whay it fas
trial_0029,a dinderial on eneying the persiubls of anbading cold tal
trial_0001,they waded fer furdy fice muinces
trial_0012,e kap is toe likte and asanal but fam
trial_0010,i've done prety god at it
trial_0019,cald limes sacsal mucimien comele los
trial_0023,in ourderd to balige the divfies the schols mucht be stlante
trial_0001,not't closilny the sie of the gas tig
trial_0041,beter entether have seris qutuns to enter
trial_0009,but at want pugt din the fel really set in
trial_0003,there in ton with that
trial_0027,domananms destartarting tar were tars seruror
trial_0007,we set aroud and it borford
trial_0006,i moved to gess nity
trial_0019,ming a mouther is not alwayces iny
trial_0038,entoletest somiall me perses at stel
trial_0036,antally this fa i am gory bat go shl
trial_0039,a polblic hery is plad for novemer
trial_0010,this urnargit can satd up thew deration
trial_0046,lis go cacke this hew place out
trial_0016,there are loes of suce demenenes in this contry
trial_0014,haretor there is know eacual way to misur this
trial_0040,they think that's a family intiveny
trial_0021,i stll didn't want are to go to a day car
trial_0004,i had this vision moitces
trial_0032,colos masin to fid up the welp
trial_0027,we've bane noking for a cl bugt no
trial_0015,have you sen gons gat
trial_0007,is se presion recitene to seten time of cremies
trial_0000,i fel they same wy
trial_0018,in our puntecualal sinctuation
trial_0031,yu'd rathery se it aer to ovent somoy
trial_0025,he tekitnd is rliese to them very time
trial_0009,this lokse soper enxpesive bot its not
trial_0038,but  tar tid ao thiting
trial_0033,we hove ity fract vifibiss in the somere
trial_0006,pefore i retied
trial_0025,ploses he used to leever minsos befor the abocalive
trial_0000,take the wuning bouth tte weich the like
trial_0004,i hope you enjore them
trial_0022,that's wy the cra them soming pols
trial_0035,they visition ther rsbester at the norcicg ome
trial_0011,a voine forn the grould
trial_0013,that maks it more intersing
trial_0040,threre out our bisint
trial_0045,all ove a sudend you lock and thars throng
trial_0004,the reded was baling srid and cong lip
trial_0042,so the wald can selibend toener here he aded
trial_0031,they would funt treo choice
trial_0018,were vas birng eses for sothery
trial_0020,dreding and things like this
trial_0012,the we you ate runsulf is impensivfe
trial_0038,it was rearery pretng
trial_0001,urning is mouney
trial_0002,one that  yuse just for amortties
trial_0012,i mut all the muney ite it
trial_0022,but it's along they lites
trial_0033,i don't undertand wat you or sing
trial_0034,we are rifl for the plaser of seving you
trial_0024,both of the churgen were in colieg
trial_0003,yere boging it
trial_0015,really well grugulated
trial_0013,you nlo wat i am sa
trial_0010,so what's ist for you
trial_0026,do not copy womes
trial_0008,the fased mincs
trial_0028,how will you merser yer luf
trial_0040,budale histarus tolsion prik
trial_0016,the plakes and all that
trial_0030,git reking nowrs alourse and sdacal repors
trial_0032,you takg away a ponstons reitim
trial_0031,an ompamy peper vise youigiing
trial_0020,they came back liter
trial_0010,seit seven miny sacion dalas
trial_0044,i try to same that for the werkat
trial_0006,was the mid that veactomlr
trial_0018,it's soust the ander that mases me sad
trial_0011,me pople call uth fitis
trial_0027,he trie to ind in the back of the rome rome
trial_0023,tid bags ere sante in in oer
trial_0000,it me be in the firtur
trial_0024,i've nont that pofer
trial_0025,you sal the paris of the sevil wich at
trial_0035,that marht it's urs lovele on reicten
trial_0010,i like roving stak it's isy
trial_0011,musioc wher tips taxe isid
trial_0028,popble get very uset
trial_0004,sall portes abourd as much is we bring en
trial_0034,what minks you to our hom
trial_0039,ce ponts fom the minds mesport
trial_0040,well analy theee or urson bost
trial_0014,not every kame tsis out to mak a point
trial_0013,morturinces are inface to epordt the arer
trial_0021,i home you enerenan the gons of tog this
trial_0031,when was er teisito ofertet
trial_0023,thits is my dast part
trial_0029,class to se lover
trial_0020,just two et a time that we can both gow
trial_0006,i know this will all work out
trial_0007,ann's f tick ar derars poing thinh i ana
trial_0014,hersting the plos f stuf
trial_0029,she clames alever never chould jinge fthe envention
trial_0022,we hat icided  the ttem
trial_0028,up you ave enjone this diral
trial_0044,your soma cinxtrati is nt very tifet
trial_0021,the oly nans of tthings than you cnn usi
trial_0010,i think thery is stall some ivusiene about this
trial_0006,baspll busion unsdan misger moyse
trial_0041,shilly the sound of solies was e only enpardnt one here
trial_0005,befoich wat ther deneinint we mesin there resing
trial_0021,the to man sors of the show got maried
trial_0045,they niden't of any poron tl it the micht tive
trial_0000,its put of the gusion
trial_0019,it's as much reusurs as they can posumly do
trial_0002,that's ow we gin sisted
trial_0031,having peeited in joiy noel fasif
trial_0006,is this the pice you usanly visit
trial_0016,some of the entiiienes fea wortent untinition
trial_0017,plat mor tringes in orfen arord
trial_0008,i vanming her ambrnin
trial_0039,anough cotces surt ealoid
trial_0032,we reive the right to make the funur decisin on all kname chenges
trial_0016,it's the derses here
trial_0004,i'm bing fery god
trial_0021,they triy to through in god juf
trial_0023,you have yoaur coaery and year ome lif
trial_0043,ia think thar's about sifity of them
trial_0025,my romnt sined me up
trial_0006,the young chor kave to lea rerspors
trial_0033,we magenges to get to one
trial_0009,till me your decisi
trial_0022,sostones i enjoy viny movices
trial_0003,this cuctation is not that bad
trial_0007,you have a comple of choicions here
trial_0005,hat is a god anea
trial_0018,no decesios have ben mad at this time
trial_0011,you know it's so entirting
trial_0015,nises isen's the wold in'd jus
trial_0032,where you from usnaliny
trial_0021,what is the meteof mr ia
trial_0022,this is a god cisest for our busins
trial_0013,alwas lose the bard now tach
trial_0020,i wreat the nra strice cital on the thons yer dice
trial_0023,i am sory
trial_0012,i tkhought it was prety god
trial_0029,repors on the kanion of the sinke anevertory
trial_0014,the saming bink
trial_0011,pring more oftend then usua
trial_0024,they trand the noicesof theire baer right now
trial_0037,we and to give him e domiter
trial_0036,i have bet to sursing so aredy
trial_0032,it aes ever sicthe minh mehounht seal
trial_0013,i think than't be met
trial_0009,do wie just go aad
trial_0001,her's wat you have got
trial_0039,if you are cound me ga go get ure frive
trial_0012,it was a penised chur
trial_0025,she dundn't live with ush
trial_0014,but all your eicimels in that one
trial_0011,they don't nides any time difece
trial_0021,the's a lot of new checion in the necut
trial_0026,i was clad to get ret of lited casulied
trial_0024,she ged very will there
trial_0037,wen he comes the fana decition will be man
trial_0042,them nured a tu deic molien
trial_0003,that is the point of this artal
trial_0017,ded you cet to talk to am for he life
trial_0016,he mad me lof
trial_0012,i live to to work in id bobams
trial_0020,busicly this is low in my boks
trial_0008,don't tall cet to a nedive tennt soh
trial_0030,don't you wich woure ad mend aple bo cour
trial_0018,i think i wl preanly back it
trial_0030,here is the dide of the tuinly os sambed
trial_0003,net wand of they wo that we have mat now
trial_0002,a jod thit's here ramile in the ing nie
trial_0026,he's don a buch of potemore movies
trial_0020,he dos not sem like a beriont ho one make that chice
trial_0018,what's the word i'm loie for
trial_0005,it was find to work weith hem
trial_0019,i'm your costememr
trial_0027,and there are oter fiturse in the toinces to not
trial_0033,they exsin you a tompicg
trial_0007,has will as you do
trial_0010,lik sacnt comes that they work in the anersems
trial_0009,bacencs that the yus
trial_0035,they dand to me deesios mace o ther mord out a sertent tab
trial_0016,i will age to that
trial_0019,you don't wund to
trial_0035,he loked up to find the thong fing ito the orirset of both
trial_0002,i think we fefud or obuiict
trial_0013,they have a little curicilal
trial_0015,moth ors ave lack ere and drard us
trial_0049,remeber may cexcisios ans sick to tnem
trial_0026,that's rrelly ward
trial_0004,do you really not rmeme
trial_0021,buit thn thing as that i could to the ume masule
trial_0034,every mangur sity as a thade
trial_0029,i like orcetur music to
trial_0003,i think many you like ad it
trial_0005,whath the pin o wot
trial_0037,anyaes ofer ugit overcie
trial_0012,a agaby ofe jarry
trial_0016,ping a sura and get rise
trial_0038,you can sit in the torn all ta around the boll
trial_0036,it's gut petere choming for sor
trial_0008,when he ses it to his imertent
trial_0007,it would tepent aboun wich one you wont
trial_0013,i olso like jaye music
trial_0021,we wunltd with tshome frans of orers
trial_0002,comencet and choine the omercision
trial_0047,and he woltd tonk it freally alust you hive it to him
trial_0035,she sad ye execinly wanten't to nok to you
trial_0006,i go with god entetions
trial_0014,babe ford fom the store is that band it al
trial_0023,t is a abuigh vere cenecie an momen
trial_0037,the sout nust bll be jurt nid ne
trial_0001,get hap on the fen to bod
trial_0017,that is just parsana fealing
trial_0046,ther's just something about that gidelicg
trial_0008,i were lots of sorts
trial_0014,aiat's a really whud mosi
trial_0029,the juny sicio exo is not forfict
trial_0002,my care is a teted idd soc migo
trial_0007,what i se inh the nespaber
trial_0030,i ave de thing about it so more now
trial_0013,the plees are prety orat at this point
trial_0018,the mbertret schoice
trial_0003,we shuld go diferent way
trial_0027,going bag to the bacis in the arly grinds
trial_0007,the mil was cokd before the bill rang
trial_0014,i awas get those spam fon cols
trial_0009,the liery tid to les is caes
trial_0005,sogear boer catalice
trial_0003,that's mereraitcs
trial_0041,i knw to memen we want there
trial_0037,as any sin wes it nits mere peirers
trial_0003,what did the sepim cord desin about werted calege
trial_0022,never bited to oustode
trial_0002,you geent a beur seoice
trial_0040,i movsd to londend in susht of postil but frins were ourd to come may
trial_0000,theve net therh deers
trial_0009,they'r ancurlen
trial_0023,what r you doing here
trial_0002,i god sye that
trial_0017,it's a caing hersurd
trial_0014,not even a craey clack
trial_0004,they have the no charts stel
trial_0019,les talk about ear bolicion
trial_0010,you go t work every wekend
trial_0036,that was omours and eangeple
trial_0018,i just let ut diden't band iny many
trial_0021,how maney of thes coines well we ned
trial_0015,what morsies ar the making this yeur
trial_0033,gap chackings in a caruce
trial_0045,when das sul stout
trial_0010,axtalit they have
trial_0014,our orin vorsten speiimimet
trial_0031,i cat remeter the gises neme
trial_0034,desparct that sune sas it was undeybe to igeevey or contat the amily
trial_0001,ye've got to living froms in woure new hes
trial_0008,i wralan injired ed ruigke a pint
trial_0017,my wit kind of los
trial_0030,they're gouting some of that
trial_0013,you you wat to o omen vor adea ur
trial_0002,i just wat to t you this
trial_0048,what's in like fom and arders pit of fel
trial_0027,they were shring some and i was woaticg
trial_0020,you're clugeble on that
trial_0007,theyi'l to fin in there statars
trial_0005,of wurse you go mick stoak in the demery
trial_0003,do you ever go there
trial_0009,so that lives me with a chice to mack
trial_0002,were you here las somer
trial_0021,soca cuntenes are wondful
trial_0005,tad pertent ar thirten bursent
trial_0045,we must cecard eveything that hapert today
trial_0035,it is a und pluice
trial_0006,that's anoeth thing i don't unrstid
trial_0001,she lote how firsind mesono
trial_0002,have they reterd it
trial_0028,i don't want to bay ere to be a bapen sinter
trial_0014,we enjoint veve he here
trial_0008,at the end it was loking very nod
trial_0046,i wuk it the ecqed deene lifiter heare
trial_0006,wend one pople to it
trial_0003,madl hours moith wated seven large
trial_0015,jor any coclorsions bas on reall enteuetines
trial_0025,i that they ad chaet here poliging
trial_0027,and wat was the point of it all
trial_0000,i haven't ben bck om in five yers
trial_0007,with joms cansal
trial_0002,it was on they nes ever nit
trial_0011,the trel we so moinind
trial_0008,thnk anyore uu soid nan friciicar
trial_0005,who nee more about this that you
trial_0009,i visitid an enxeticg bagd soup out in neeoy
trial_0042,this moving is my vefert
trial_0023,other sice of the coine
trial_0029,i' your ferctisce tafe in envact
trial_0044,that's what they say
trial_0019,my toger love the cinges wy ma the house
trial_0015,i teink the ha vedert tetend as los tor oare cladern
trial_0008,se sold me this bok and i band for it
trial_0022,but we havent sen that wone ethery
trial_0039,i readly don't whant to tse ome go
trial_0027,it's a masure to backg your ompuntirs
trial_0007,what werd you do about it
trial_0005,impened lase usberd omes with thea
trial_0013,we like baing with ou changes
trial_0043,it sust apent wothin the lis thre wikh
trial_0047,i kase my susir us about the oterl that we a vity
trial_0038,we esd to always conye warsty
trial_0022,it conte me mersarte and cered it execs
trial_0014,sememee much tall here than
trial_0019,that's cad to o bee costifan teratiry
trial_0014,it's gong to me hard to
trial_0005,i will get my dast cloes hat
trial_0004,wharn tape of ced to you want go ge op to be
trial_0001,i do lay the pino
trial_0044,i think it's theyre way of sing ho will you do
trial_0035,the rell in the family
trial_0014,the ide is fun in birsiul mut the desie is all carg
trial_0003,it is a gret acacine to sturt moring
trial_0012,it is oar not emme
trial_0034,it will be an norntent stry to ta
trial_0023,that on that you had
trial_0019,my embnd detn't like that
trial_0015,it just sout of ampes undouterting
trial_0010,neak has ret vision
trial_0024,it as e ecic the mhih be ouf
trial_0002,they came thrue juice nw
trial_0005,the stay cat give both to titids
trial_0039,what excacting do you now
trial_0014,the're movie to rariy
trial_0028,she es olso loe to the srup ineitien
trial_0017,aving cindery around is fun
trial_0034,i just thugh that they prorg up
trial_0032,ovences a plaser to se and tolk to them
trial_0046,the anly thing lf to do is to hand over the congals to nso
trial_0006,my bother laves wire on work
trial_0012,i live this tam and the you orsk
trial_0025,they have thes fun litele parts at noight
trial_0002,it topaees what qup you apin to be in
trial_0023,mey sural to evere
trial_0017,youse tach evermet tll grew
trial_0011,it's ould pabarastio for cicionc
trial_0000,it is really god
trial_0024,we war'td sure how to to that
trial_0020,deid they have some frety god paci efance
trial_0001,emusicic ceare
trial_0036, all lotd a aar wice this yar
trial_0042,i gs it was last year
trial_0023,i live to rund in the rean
trial_0044,lot ancit onld comanation ambaree
trial_0019,thats the ot a a
trial_0004,weve renodeld all our unuts
trial_0017,the scity as a dog probem
trial_0020,i'm in they neve
trial_0010,you knew the ben averticing that
trial_0029,i find this ouce lealy inpersticg
trial_0025,the li sayse tnis is not qit
trial_0015,soos r boig extore surdy
trial_0031,they're prety voriving
trial_0043,this is a very impout cuc from our point of fow he ated
trial_0015,ifs you mund this arical usul that plase sere it with others
trial_0022,then in guse to the nexe mine an so on
trial_0004,i am and amecad sitesen
trial_0009,toice scems op a ealee but
trial_0002,this polisicy will change the low in many stax
trial_0044,i've there somed oun a tor
trial_0040,ud think that it was a fevict schol
trial_0010,that was a god wrka
trial_0048,my compter has god tori comaiona ind it
trial_0031,we platen these ooard bo the sompting tay
trial_0019,and thenk tentat
trial_0026,they have not ben made aware of this
trial_0033,she is the ony gall ho comes to our shol
trial_0010,we tite's his wik hens the poper pime our
trial_0000,i get tirerd with the sang and takges couten
trial_0022,i kno lots of women whould do it all the ctime
trial_0036,ming me the noice reout pwase
trial_0005,this year and last year
trial_0030,so i was eperst wen i got this maiost out of the plow
trial_0014,ow viios of difirtiny and encision are stog
trial_0021,what he fun place
trial_0001,i leve it
trial_0013,and it's just greditle
trial_0016,i didn't mig ouing that at ar
trial_0004,sow that they do have porners
trial_0001,pakes the fist bligough came
trial_0010,i ame coing teo ceic hem to what all this to
trial_0001,for thes resines a vist is the bust coneturation
trial_0044,they wond be jurst about ungea
trial_0035,chority is nowo loge so easy
trial_0018,it is not cin to hampen that way
trial_0012,i aven't and to replince the thing yet
trial_0010,i like clasica music
trial_0025,he has it realy oe
trial_0000,it's a miging
trial_0023,i durtees that is moice troble
trial_0024,that ould be all
trial_0011,they're oing to be in even mirch samp
trial_0009,where in ponsasing are you fm
trial_0042,comvision and userdty
trial_0013,we are ber on there love
trial_0008,that weill suld wandefure
trial_0014,cessiling more will tertanly help
trial_0034,i now  aive to no moe eremince
trial_0006,qikge version of the sare is gu
trial_0019,you wow like it
trial_0015,do you poleve that moy
trial_0029,when did they make that buck intor a move
trial_0012,if on noed in tnow og tong a fortion
trial_0021,i've do those to
trial_0023,it's such a trouble here
trial_0031,agan our choris are not mad in a faicom
trial_0005,he wat's on the greaud
trial_0004,i hope you hord what they seid
trial_0006,jut by cocisine and asicg vere vevoitinton bower
trial_0041,you night be like me
trial_0032,a lorse chold care ofitity now
trial_0015,iveing thirtry yers dah thinkiny fast
trial_0020,i would be jhoving
trial_0004,i tigt to have a cofinc
trial_0019,thenks wat i did wen ie as rrig up
trial_0004,you get to lakne and rase your kinds
trial_0010,i's punt atu aminie were doar rry lag to ore the usei a ar
trial_0006,i think it hafpend about tan or fistion years ago
trial_0029,wenver you nay the fat wil not cage
trial_0026,mabey the gup rick mit was betin im an the unempoben line
trial_0025,you were just up there that
trial_0023,i'm got shure ow ther gong to feal about it
trial_0015,i whould tather be with my frins
trial_0011,atheng oine of the whould be a cecent cone
trial_0022,our company will be the pors give
trial_0028,you have bame efotd nd not coasion
trial_0001,i will went for a compc of days
trial_0016,just to foult it
trial_0028,lomicocs in boh pordes av cod for sabalaing the morpacones
trial_0030,i undertid the diiinces faint wil
trial_0022,that's cand orf onersintebar
trial_0018,bekous there dod wos at work
trial_0012,i could prombably sout praying pomsbal nest smer
trial_0000,isesinally hih are nat god fifters
trial_0006,it's more eicion to do things osele
trial_0001,cat jouy pompicg bacally gi
trial_0012,we well apul this decision
trial_0035,i am aweay one the firs weken next moth
trial_0015,five fals snorth of here
trial_0022,it was on the nurs this morning
trial_0011,they mere rme they ned to enctercie
trial_0010,there or aos ne deefevis or troins ere raiinc
trial_0047,do they all leve in the ear
trial_0024,i'm aredy on my job
trial_0020,we're pting up with all he acates
trial_0017,other sints have teakan criger fusiors
trial_0001,plase take hare of your chald
trial_0006,thos wats at ve aut
trial_0009,i weally live it
trial_0026,las yer or the year before
trial_0043,i was  demal cinorinon
trial_0029,satily there as to be a comusion
trial_0000,or thou sal there
trial_0028,can you jack the vreading on the comuer
trial_0025,basally i wil just stak around
trial_0043,a cungur in the unce
trial_0016,maurce your up in the esoure portal
trial_0022,if you get plakes
